51200.0,646.0,10240.0,0.0,0.0,1.0,6.0,5.0,8.0,2.238817772866893,NaN,11.817379215005095,NaN,NaN,NaN,NaN,NaN,1.0,1.1514679,0.379900316
51200.0,646.0,10240.0,0.0,0.0,1.0,4.0,5.0,8.0,2.238817772866893,NaN,11.817379215005095,NaN,NaN,NaN,NaN,NaN,1.0,1.1514679,0.665782732
51200.0,646.0,10240.0,0.0,0.0,1.0,3.0,5.0,8.0,2.238817772866893,2.2387623174864,11.817379215005095,11.817376164400844,0.00011687895521861178,0.00025097212836352133,5.037272404857047,0.030439927491884154,1.0,1.1514679,0.948265796
51200.0,646.0,10240.0,0.0,0.0,10.0,6.0,5.0,8.0,2.56633792618306,NaN,11.934582344984358,NaN,NaN,NaN,NaN,NaN,1.0,1.148794834,0.382513421
51200.0,646.0,10240.0,0.0,0.0,10.0,4.0,5.0,8.0,2.56633792618306,NaN,11.934582344984358,NaN,NaN,NaN,NaN,NaN,1.0,1.148794834,0.807003898
51200.0,646.0,10240.0,0.0,0.0,10.0,3.0,5.0,8.0,2.56633792618306,2.5663865440696,11.934582344984358,11.934584601197642,2.1330100744892565e-5,1.1422394963311419e-5,0.8995478682899879,0.01179696060915432,1.0,1.148794834,0.946581728
51200.0,646.0,10240.0,0.0,0.0,100.0,6.0,5.0,8.0,3.062927018833719,NaN,12.086807079091463,NaN,NaN,NaN,NaN,NaN,1.0,1.151003478,0.367349665
51200.0,646.0,10240.0,0.0,0.0,100.0,4.0,5.0,8.0,3.062927018833719,NaN,12.086807079091463,NaN,NaN,NaN,NaN,NaN,1.0,1.151003478,0.657428682
51200.0,646.0,10240.0,0.0,0.0,100.0,3.0,5.0,8.0,3.062927018833719,3.0629350297343594,12.086807079091463,12.086807671178315,4.065458053045079e-6,1.7279462854630774e-6,0.16887062869756359,0.01753456173261094,1.0,1.151003478,0.949832404
51200.0,646.0,10240.0,0.0,0.0,1000.0,6.0,5.0,8.0,3.764944966568817,3.767798442815915,12.27707403433064,12.27687566044736,0.0010046374651131024,0.0005203500643208794,42.19812757663926,52.67754188266805,1.0,1.145720891,0.365088147
51200.0,646.0,10240.0,0.0,0.0,1000.0,4.0,5.0,8.0,3.764944966568817,3.7655882404857692,12.27707403433064,12.277015229524249,0.00028255014878991296,8.404933444978106e-5,11.868049559641742,8.508718724705382,1.0,1.145720891,0.656518024
51200.0,646.0,10240.0,0.0,0.0,1000.0,3.0,5.0,8.0,3.764944966568817,3.7649457647072992,12.27707403433064,12.27707408923577,5.939266401768631e-7,2.3388590354647074e-7,0.024946901746817133,0.023677395900612946,1.0,1.145720891,0.952177156
51200.0,646.0,10240.0,0.0,0.0,1000.0,6.0,5.0,8.0,1.9261921594562825,1.9276136158313701,7.562539573110296,7.5624264187792045,0.001041351503175668,0.0005129799923572219,42.810193107759986,51.93152630453619,1.0,1.117292463,0.364295801,0.8535871190000001,0.7782115359999999,1.9708795820000002,1.1425073369999998
51200.0,646.0,10240.0,0.0,0.0,1000.0,5.0,5.0,8.0,1.9261921594562825,1.9268733793759742,7.562539573110296,7.562448397412054,0.0006879142944631342,0.00038938611436242673,28.2803104405634,39.41950084195875,1.0,1.117292463,0.468598374,0.8535871190000001,0.769239866,1.9708795820000002,1.23783824
51200.0,646.0,10240.0,0.0,0.0,1000.0,4.0,5.0,8.0,1.9261921594562825,1.9264931776266194,7.562539573110296,7.5625123641505425,0.0002850540275078677,8.25210257814564e-5,11.718634799625342,8.354015526716244,1.0,1.117292463,0.661885124,0.8535871190000001,0.779171257,1.9708795820000002,1.441056381
51200.0,646.0,10240.0,0.0,0.0,1000.0,3.0,5.0,8.0,1.9261921594562825,1.9261926633336075,7.562539573110296,7.56253961215379,6.191824113374585e-7,2.2445396457781007e-7,0.025454727359061093,0.022722595694361837,1.0,1.117292463,0.928148772,0.8535871190000001,0.790147936,1.9708795820000002,1.718296708
51200.0,646.0,10240.0,0.0,0.0,1000.0,6.0,5.0,8.0,1.9257783882353832,1.9272964582809649,7.5623840976888985,7.562272067118985,0.0010231302121145153,0.0005149897423865326,42.013839879311995,52.134989695014916,1.0,1.113311746,0.365760926,0.8443272430000001,0.777317913,1.9576389889999999,1.143078839
51200.0,646.0,10240.0,0.0,0.0,1000.0,5.0,5.0,8.0,1.9257783882353832,1.9265553833787368,7.5623840976888985,7.562293610538629,0.0006771496961286461,0.00039187214766922443,27.806488920580755,39.67117924683668,1.0,1.113311746,0.456481584,0.8443272430000001,0.771018413,1.9576389889999999,1.227499997
51200.0,646.0,10240.0,0.0,0.0,1000.0,4.0,5.0,8.0,1.9257783882353832,1.9260613920915133,7.5623840976888985,7.562352426426441,0.0002865532883312367,8.480784066918515e-5,11.767030071331131,8.585522264685906,1.0,1.113311746,0.648450379,0.8443272430000001,0.779334562,1.9576389889999999,1.427784941
51200.0,646.0,10240.0,0.0,0.0,1000.0,3.0,5.0,8.0,1.9257783882353832,1.9257788761329593,7.5623840976888985,7.562384128137211,6.164071833510367e-7,2.3774004793165423e-7,0.02531215713808824,0.024067615194762904,1.0,1.113311746,0.928295795,0.8443272430000001,0.792798215,1.9576389889999999,1.72109401
51200.0,646.0,10240.0,0.0,0.0,1000.0,6.0,5.0,8.0,1.9252549730616746,1.926938924772778,7.562140796236667,7.562051369254757,0.0010134919586669534,0.0005118228378509581,41.6904243245651,51.81438540224294,1.0,1.114351534,0.363195297,0.849019017,0.7680025979999999,1.9633705510000001,1.131197895
51200.0,646.0,10240.0,0.0,0.0,1000.0,5.0,5.0,8.0,1.9252549730616746,1.9261802173616154,7.562140796236667,7.562066844370619,0.0006738342062632005,0.0003896152529819178,27.718457697946956,39.442700449556895,1.0,1.114351534,0.467517243,0.849019017,0.769562405,1.9633705510000001,1.237079648
51200.0,646.0,10240.0,0.0,0.0,1000.0,4.0,5.0,8.0,1.9252549730616746,1.925630966911013,7.562140796236667,7.562119345556714,0.0002678626725678027,8.548694934176603e-5,11.018645372137051,8.654271385494784,1.0,1.114351534,0.64458262,0.849019017,0.777232237,1.9633705510000001,1.421814857
51200.0,646.0,10240.0,0.0,0.0,1000.0,3.0,5.0,8.0,1.9252549730616746,1.9252554671731879,7.562140796236667,7.562140834611535,6.058501945595798e-7,2.382364835461255e-7,0.02492190635782771,0.024117870603751035,1.0,1.114351534,0.924808161,0.849019017,0.79321678,1.9633705510000001,1.718024941
51200.0,646.0,10240.0,0.0,0.0,1000.0,6.0,5.0,8.0,1.925670300880079,1.9272003851947175,7.562396696665578,7.5622916242306575,0.0010043570019279396,0.0005084834803355833,41.108531675715405,51.47632647569347,1.0,1.118593733,0.36174039,0.8437026670000001,0.774998136,1.9622964,1.136738526
51200.0,646.0,10240.0,0.0,0.0,1000.0,5.0,5.0,8.0,1.925670300880079,1.926480009201152,7.562396696665578,7.562311439154351,0.0006652412372628478,0.00038593079421729624,27.228456038557077,39.06970497260221,1.0,1.118593733,0.454725278,0.8437026670000001,0.7721775399999999,1.9622964,1.226902818
51200.0,646.0,10240.0,0.0,0.0,1000.0,4.0,5.0,8.0,1.925670300880079,1.9259924687976189,7.562396696665578,7.562366453917985,0.0002745509670938634,8.440565723142705e-5,11.237425642188292,8.54480693290748,1.0,1.118593733,0.650702409,0.8437026670000001,0.777574974,1.9622964,1.428277383
51200.0,646.0,10240.0,0.0,0.0,1000.0,3.0,5.0,8.0,1.925670300880079,1.9256708054586151,7.562396696665578,7.562396729212392,5.924584934040418e-7,2.2871857232740053e-7,0.02424944386895817,0.023154325274067068,1.0,1.118593733,0.922958872,0.8437026670000001,0.7875509039999999,1.9622964,1.7105097759999999
51200.0,646.0,10240.0,0.0,0.0,1000.0,6.0,5.0,8.0,1.9262470815924964,1.9277906125699917,7.562578905238597,7.562472104420653,0.0010542404489158122,0.0004939674092052731,43.21384242287501,50.006793673368996,1.0,1.114529085,0.362369166,0.843120185,0.769632328,1.95764927,1.132001494
51200.0,646.0,10240.0,0.0,0.0,1000.0,5.0,5.0,8.0,1.9262470815924964,1.92703155524615,7.562578905238597,7.5624899131196095,0.0007129691055101371,0.00037723239852959704,29.22495964708863,38.18912415806863,1.0,1.114529085,0.462568315,0.843120185,0.774025139,1.95764927,1.236593454
51200.0,646.0,10240.0,0.0,0.0,1000.0,4.0,5.0,8.0,1.9262470815924964,1.9265775746626281,7.562578905238597,7.562550507601583,0.00029259215550726304,8.438108216359582e-5,11.993498556485298,8.54231936572363,1.0,1.114529085,0.647624267,0.843120185,0.7765305370000001,1.95764927,1.424154804
51200.0,646.0,10240.0,0.0,0.0,1000.0,3.0,5.0,8.0,1.9262470815924964,1.9262474713010505,7.562578905238597,7.562578920971448,6.128472043820868e-7,2.3384970540226763e-7,0.0251209129252276,0.023673776347803002,1.0,1.114529085,0.924066805,0.843120185,0.7889955679999999,1.95764927,1.713062373
51200.0,646.0,10240.0,0.0,0.0,1000.0,8.0,5.0,8.0,1.7441621058482675,1.7476152159060938,6.381223216514685,6.381157993016435,0.0016122705077794219,0.0005737717117135822,65.7177273974998,58.08579030766579,1.0,1.140723012,0.375554546,0.872120747,0.76488058,2.012843759,1.140435126
51200.0,646.0,10240.0,0.0,0.0,1000.0,7.0,5.0,8.0,1.7441621058482675,1.7468645034056345,6.381223216514685,6.381145449425854,0.0013761627082884793,0.0005714676961295058,56.093741888554334,57.852543245550144,1.0,1.140723012,0.362183947,0.872120747,0.767217083,2.012843759,1.12940103
51200.0,646.0,10240.0,0.0,0.0,1000.0,6.0,5.0,8.0,1.7441621058482675,1.7459712760629884,6.381223216514685,6.381138391793665,0.0010671545731131497,0.0005146030373483942,43.49826718807661,52.095848416500374,1.0,1.140723012,0.491394095,0.872120747,0.770552874,2.012843759,1.261946969
51200.0,646.0,10240.0,0.0,0.0,1000.0,5.0,5.0,8.0,1.7441621058482675,1.7451093416340318,6.381223216514685,6.381147094092434,0.0007131784509867617,0.0003905317354846388,29.06985322969844,39.53548777806111,1.0,1.140723012,0.644153472,0.872120747,0.771329382,2.012843759,1.415482854
51200.0,646.0,10240.0,0.0,0.0,1000.0,4.0,5.0,8.0,1.7441621058482675,1.744511163555562,6.381223216514685,6.381199648051147,0.00028782047466840825,8.437742245458894e-5,11.73184487492048,8.541949990460928,1.0,1.140723012,0.66954567,0.872120747,0.782114778,2.012843759,1.451660448
51200.0,646.0,10240.0,0.0,0.0,1000.0,3.0,5.0,8.0,1.7441621058482675,1.7441625858130494,6.381223216514685,6.381223245104472,6.11309567353625e-7,2.271399530961603e-7,0.024917577608090404,0.022994517534915784,1.0,1.140723012,0.942305193,0.872120747,0.7974867560000001,2.012843759,1.7397919490000002
51200.0,646.0,10240.0,0.0,0.0,1000.0,8.0,5.0,8.0,1.7561814834772853,1.7586530460814742,7.201224561344195,7.201177659495119,0.0015904304856916237,0.0005902717872926804,64.94413243271559,59.755476666946365,1.0,1.139002136,0.357853239,0.876724254,0.764486203,2.01572639,1.122339442
51200.0,646.0,10240.0,0.0,0.0,1000.0,7.0,5.0,8.0,1.7561814834772853,1.7579728959112366,7.201224561344195,7.201161988484052,0.001352307379843987,0.0005889709792176602,55.22053956865313,59.62379087702988,1.0,1.139002136,0.357136814,0.876724254,0.765904476,2.01572639,1.12304129
51200.0,646.0,10240.0,0.0,0.0,1000.0,6.0,5.0,8.0,1.7561814834772853,1.7572656084303149,7.201224561344195,7.201152777121592,0.0010503330041016857,0.0005310112106026954,42.88962411781764,53.75630122962812,1.0,1.139002136,0.509148868,0.876724254,0.7696235509999999,2.01572639,1.278772419
51200.0,646.0,10240.0,0.0,0.0,1000.0,5.0,5.0,8.0,1.7561814834772853,1.7566823823641393,7.201224561344195,7.201161097327389,0.0007012108595765671,0.00040381159672245526,28.63346203263661,40.87939651743245,1.0,1.139002136,0.456071641,0.876724254,0.7745438920000001,2.01572639,1.2306155330000002
51200.0,646.0,10240.0,0.0,0.0,1000.0,8.0,5.0,8.0,1.6750420028016588,1.677859865368746,6.191187691257031,6.191180941594077,0.0015299933113228513,0.000593634082210249,63.82305775460971,60.095858612792235,1.0,1.061500352,0.627650319,0.8641608829999999,0.765513609,1.9256612349999997,1.3931639279999999
51200.0,646.0,10240.0,0.0,0.0,1000.0,7.0,5.0,8.0,1.6750420028016588,1.6772269370805524,6.191187691257031,6.191160067469989,0.0012973457887022104,0.0005918568079126815,54.11825959451446,59.91593830817445,1.0,1.061500352,0.363055935,0.8641608829999999,0.767265203,1.9256612349999997,1.130321138
51200.0,646.0,10240.0,0.0,0.0,1000.0,6.0,5.0,8.0,1.6750420028016588,1.6764689251138691,6.191187691257031,6.191142148543906,0.0010019726611592435,0.0005331993508329404,41.796887965748894,53.97781859286881,1.0,1.061500352,0.365028991,0.8641608829999999,0.771633141,1.9256612349999997,1.136662132
51200.0,646.0,10240.0,0.0,0.0,1000.0,5.0,5.0,8.0,1.6750420028016588,1.6757856243156204,6.191187691257031,6.191140831563205,0.0006722646101892042,0.00040478607698664695,28.04324876779279,40.97804957633947,1.0,1.061500352,0.457033254,0.8641608829999999,0.774973202,1.9256612349999997,1.232006456
51200.0,646.0,10240.0,0.0,0.0,1000.0,4.0,5.0,8.0,1.6750420028016588,1.6752722763889452,6.191187691257031,6.191166311715523,0.0002755014041267045,8.629523595617925e-5,11.492430651119612,8.73599824267394,1.0,1.061500352,0.66407579,0.8641608829999999,0.781508991,1.9256612349999997,1.445584781
51200.0,646.0,10240.0,0.0,0.0,1000.0,3.0,5.0,8.0,1.6750420028016588,1.6750424063699456,6.191187691257031,6.1911877226053775,5.845581716534178e-7,2.3106875037220436e-7,0.024384609837351464,0.023391977260639216,1.0,1.061500352,0.940238989,0.8641608829999999,0.797539303,1.9256612349999997,1.737778292
51200.0,646.0,10240.0,0.0,0.0,1000.0,8.0,5.0,8.0,1.7143988881027958,1.716703029484392,6.561692772673869,6.561595828716192,0.0015749510233481132,0.0005865897396710551,65.37124872782006,59.383158353479146,1.0,1.06143968,0.379016093,0.865396076,0.764388645,1.926835756,1.143404738
51200.0,646.0,10240.0,0.0,0.0,1000.0,7.0,5.0,8.0,1.7143988881027958,1.716046848720488,6.561692772673869,6.561587623984584,0.0013472490270034492,0.0005838376501696504,55.92005715538338,59.104551764218805,1.0,1.06143968,0.3612335,0.865396076,0.772175755,1.926835756,1.1334092550000001
51200.0,646.0,10240.0,0.0,0.0,1000.0,6.0,5.0,8.0,1.7143988881027958,1.7153350217492935,6.561692772673869,6.561586404497917,0.0010453752361019289,0.0005256999620476348,43.390228369036784,53.21900807572734,1.0,1.06143968,0.504204263,0.865396076,0.768792329,1.926835756,1.2729965920000001
51200.0,646.0,10240.0,0.0,0.0,1000.0,5.0,5.0,8.0,1.7143988881027958,1.7147552577119658,6.561692772673869,6.561603033606443,0.0007024992254393685,0.0003988477120026053,29.15852678369125,40.377175458362814,1.0,1.06143968,0.454119309,0.865396076,0.775566865,1.926835756,1.229686174
51200.0,646.0,10240.0,0.0,0.0,1000.0,4.0,5.0,8.0,1.7143988881027958,1.7145013079228995,6.561692772673869,6.56165683385728,0.00028628875263120085,8.607447141049734e-5,11.882943011425295,8.71371185051397,1.0,1.06143968,0.659957195,0.865396076,0.7848297019999999,1.926835756,1.444786897
51200.0,646.0,10240.0,0.0,0.0,1000.0,3.0,5.0,8.0,1.7143988881027958,1.714399257552327,6.561692772673869,6.561692796109243,6.016101516789718e-7,2.359972966710219e-7,0.024970939590859206,0.023891084162275224,1.0,1.06143968,0.933966475,0.865396076,0.802782043,1.926835756,1.736748518
51200.0,646.0,10240.0,0.0,0.0,1000.0,8.0,5.0,8.0,1.7583086095644376,1.7599438962282974,6.6615567304593535,6.661448096997752,0.0015776193796013726,0.0005822306593957316,65.69467761192163,58.94151005323926,1.0,1.061839128,0.380942224,0.870299808,0.766779813,1.9321389359999999,1.1477220369999999
51200.0,646.0,10240.0,0.0,0.0,1000.0,7.0,5.0,8.0,1.7583086095644376,1.759357778632144,6.6615567304593535,6.6614397546329736,0.0013404446173211778,0.00058091771735624,55.818328635010275,58.80859574312661,1.0,1.061839128,0.463034825,0.870299808,0.765414719,1.9321389359999999,1.228449544
51200.0,646.0,10240.0,0.0,0.0,1000.0,6.0,5.0,8.0,1.7583086095644376,1.75876744624121,6.6615567304593535,6.661438369390138,0.0010406267279377737,0.00052382931518526,43.33341634247344,53.029311234172,1.0,1.061839128,0.365389963,0.870299808,0.772195249,1.9321389359999999,1.137585212
51200.0,646.0,10240.0,0.0,0.0,1000.0,5.0,5.0,8.0,1.7583086095644376,1.7583590922460963,6.6615567304593535,6.661459583012291,0.0006934027909864021,0.00039836987437134506,28.874437901852165,40.328556348330345,1.0,1.061839128,0.456617947,0.870299808,0.773729265,1.9321389359999999,1.230347212
51200.0,646.0,10240.0,0.0,0.0,1000.0,4.0,5.0,8.0,1.7583086095644376,1.7583231667864836,6.6615567304593535,6.6615234718799545,0.0002858021050054022,8.733872732563277e-5,11.901271873246541,8.841644443876646,1.0,1.061839128,0.653963777,0.870299808,0.785753852,1.9321389359999999,1.439717629
51200.0,646.0,10240.0,0.0,0.0,1000.0,3.0,5.0,8.0,1.7583086095644376,1.758308921445567,6.6615567304593535,6.6615567479966655,6.035943952651968e-7,2.4254921632552585e-7,0.025134667916750158,0.024554215484450134,1.0,1.061839128,0.934519564,0.870299808,0.80255767,1.9321389359999999,1.737077234
51200.0,646.0,10240.0,0.0,0.0,1000.0,8.0,5.0,8.0,1.6791532803899927,1.6821837347837463,5.6904469393109505,5.690469317408567,0.0015349862649397773,0.0005836413312188749,64.71318656039018,59.08472942261753,1.0,1.064154738,0.382451316,0.8529491579999999,0.765034028,1.917103896,1.147485344
51200.0,646.0,10240.0,0.0,0.0,1000.0,7.0,5.0,8.0,1.6791532803899927,1.6814131081941066,5.6904469393109505,5.690436038902966,0.0013039822067614606,0.0005826854466463747,54.974331526604495,58.987960776696795,1.0,1.064154738,0.550540872,0.8529491579999999,0.768090779,1.917103896,1.318631651
51200.0,646.0,10240.0,0.0,0.0,1000.0,6.0,5.0,8.0,1.6791532803899927,1.6806056693683793,5.6904469393109505,5.690409673071036,0.001010580830526616,0.0005262596451528894,42.60488013082563,53.27571417014753,1.0,1.064154738,0.366380451,0.8529491579999999,0.770424824,1.917103896,1.136805275
51200.0,646.0,10240.0,0.0,0.0,1000.0,5.0,5.0,8.0,1.6791532803899927,1.6799018243576174,5.6904469393109505,5.690398955140486,0.0006767039802480149,0.0004012225651208722,28.52903111915889,40.61762837958626,1.0,1.064154738,0.455446569,0.8529491579999999,0.772690589,1.917103896,1.228137158
51200.0,646.0,10240.0,0.0,0.0,1000.0,4.0,5.0,8.0,1.6791532803899927,1.679411756111843,5.6904469393109505,5.690427358603295,0.0002719614636205716,8.716303573108272e-5,11.4655703015071,8.823919942526537,1.0,1.064154738,0.654643491,0.8529491579999999,0.7827658919999999,1.917103896,1.4374093829999999
51200.0,646.0,10240.0,0.0,0.0,1000.0,3.0,5.0,8.0,1.6791532803899927,1.67915369724128,5.6904469393109505,5.690446970415648,5.785768503357732e-7,2.3698539458199647e-7,0.024392108587871178,0.023991134909426854,1.0,1.064154738,1.127387577,0.8529491579999999,0.800556604,1.917103896,1.927944181
51200.0,646.0,10240.0,0.0,0.0,1000.0,8.0,5.0,8.0,1.7536198270924714,1.756138839480934,7.189718863744618,7.189689471051275,0.0015824035225474843,0.0005897907193786,66.13970308369642,59.706789221483575,1.0,1.063221612,0.661760325,0.858294055,0.765039775,1.921515667,1.4268001
51200.0,646.0,10240.0,0.0,0.0,1000.0,7.0,5.0,8.0,1.7536198270924714,1.755473399393556,7.189718863744618,7.189671792706089,0.0013494204871980816,0.0005898475193764468,56.40171365054572,59.71253930433126,1.0,1.063221612,0.372951936,0.858294055,0.766096005,1.921515667,1.1390479409999998
51200.0,646.0,10240.0,0.0,0.0,1000.0,6.0,5.0,8.0,1.7536198270924714,1.7547467903986842,7.189718863744618,7.189659137083824,0.0010522771902128874,0.0005329894494155802,43.98201844898779,53.95657759257258,1.0,1.063221612,0.513551314,0.858294055,0.76863531,1.921515667,1.282186624
51200.0,646.0,10240.0,0.0,0.0,1000.0,5.0,5.0,8.0,1.7536198270924714,1.7541346730423175,7.189718863744618,7.189660733824442,0.0007130404057300574,0.0004066031275496853,29.802942201330474,41.162002784620164,1.0,1.063221612,0.454618861,0.858294055,0.771989572,1.921515667,1.226608433
51200.0,646.0,10240.0,0.0,0.0,1000.0,4.0,5.0,8.0,1.7536198270924714,1.7537667030201107,7.189718863744618,7.189691900627361,0.0003076268100387815,8.921058650202064e-5,12.857874484375802,9.031131738073158,1.0,1.063221612,0.655891063,0.858294055,0.783467202,1.921515667,1.439358265
51200.0,646.0,10240.0,0.0,0.0,1000.0,3.0,5.0,8.0,1.7536198270924714,1.7536201941468803,7.189718863744618,7.1897188764633135,5.998146437724973e-7,2.3771413611238234e-7,0.025070446241486834,0.024064718812094717,1.0,1.063221612,0.935191991,0.858294055,0.8060079750000001,1.921515667,1.741199966
51200.0,646.0,10240.0,0.0,0.0,1000.0,8.0,5.0,8.0,1.8014831813793812,1.8051756766437173,7.610703371790577,7.61064610947892,0.0015295965418650908,0.0005926979053575384,63.087604659183654,60.00122158847865,1.0,1.056084896,0.35921959,0.8746347170000001,0.765251251,1.930719613,1.124470841
51200.0,646.0,10240.0,0.0,0.0,1000.0,7.0,5.0,8.0,1.8014831813793812,1.8043491561939615,7.610703371790577,7.610638762102707,0.0012875403876148805,0.0005907865423617974,53.10409427151012,59.80772653204802,1.0,1.056084896,0.36231425,0.8746347170000001,0.767299382,1.930719613,1.129613632
51200.0,646.0,10240.0,0.0,0.0,1000.0,6.0,5.0,8.0,1.8014831813793812,1.803395765571516,7.610703371790577,7.610634907535423,0.0009882967705421868,0.0005320847480813043,40.761909588190335,53.86510494619909,1.0,1.056084896,0.366598974,0.8746347170000001,0.770722734,1.930719613,1.137321708
51200.0,646.0,10240.0,0.0,0.0,1000.0,5.0,5.0,8.0,1.8014831813793812,1.8024775443698222,7.610703371790577,7.610641948529975,0.0006578223970760667,0.0004049655909221256,27.131624704177533,40.99631521722672,1.0,1.056084896,0.455892481,0.8746347170000001,0.7736850510000001,1.930719613,1.229577532
51200.0,646.0,10240.0,0.0,0.0,1000.0,4.0,5.0,8.0,1.8014831813793812,1.801792883604461,7.610703371790577,7.6106787402428155,0.0002756961966911349,8.910209531410316e-5,11.37098063890949,9.020167806589754,1.0,1.056084896,0.653648874,0.8746347170000001,0.788206787,1.930719613,1.441855661
51200.0,646.0,10240.0,0.0,0.0,1000.0,3.0,5.0,8.0,1.8014831813793812,1.8014836382463468,7.610703371790577,7.610703394938185,5.747651893497702e-7,2.4364702340382083e-7,0.02370596300730738,0.024665379965881733,1.0,1.056084896,0.938221695,0.8746347170000001,0.8006294899999999,1.930719613,1.738851185
51200.0,646.0,10240.0,0.0,0.0,1000.0,8.0,5.0,8.0,1.7315753173961135,1.7342850781538377,6.429647696419173,6.429531669745746,0.0015658898068102748,0.0005822059000433164,65.3091579115306,58.938791646393945,1.0,1.06499368,0.362910517,0.865500265,0.7696632640000001,1.9304939449999998,1.132573781
51200.0,646.0,10240.0,0.0,0.0,1000.0,7.0,5.0,8.0,1.7315753173961135,1.7335739576598308,6.429647696419173,6.429523271582973,0.0013352404218403956,0.0005820187766505768,55.689376851789426,58.91984847413131,1.0,1.06499368,0.365449921,0.865500265,0.776373654,1.9304939449999998,1.141823575
51200.0,646.0,10240.0,0.0,0.0,1000.0,6.0,5.0,8.0,1.7315753173961135,1.7327752742135103,6.429647696419173,6.429524445246539,0.0010359487197897023,0.0005256991923494577,43.20670473410332,53.21841493577621,1.0,1.06499368,0.475319218,0.865500265,0.769835126,1.9304939449999998,1.245154344
51200.0,646.0,10240.0,0.0,0.0,1000.0,5.0,5.0,8.0,1.7315753173961135,1.7321360885363375,6.429647696419173,6.429548752662621,0.000691671802705815,0.00040055788584422854,28.847817253427127,40.54991159371034,1.0,1.06499368,0.457144344,0.865500265,0.771657718,1.9304939449999998,1.228802062
51200.0,646.0,10240.0,0.0,0.0,1000.0,4.0,5.0,8.0,1.7315753173961135,1.73175424608811,6.429647696419173,6.429613871416377,0.00029325363876741016,8.821981525795097e-5,12.230840330587988,8.930808344925545,1.0,1.06499368,0.652178338,0.865500265,0.784389491,1.9304939449999998,1.436567829
51200.0,646.0,10240.0,0.0,0.0,1000.0,3.0,5.0,8.0,1.7315753173961135,1.7315757283926092,6.429647696419173,6.429647722173999,5.926466076804621e-7,2.432831061804643e-7,0.02471773602357053,0.024628421500350835,1.0,1.06499368,0.936958192,0.865500265,0.802568327,1.9304939449999998,1.739526519
51200.0,646.0,10240.0,0.0,0.0,1000.0,8.0,5.0,8.0,1.784613928230545,1.7874577494246418,7.379662121097063,7.379638855650966,0.0015245187704609128,0.0005654058264427963,63.571599413183705,57.23860995438817,1.0,1.061215748,0.529907633,0.865595861,0.765431294,1.926811609,1.295338927
51200.0,646.0,10240.0,0.0,0.0,1000.0,7.0,5.0,8.0,1.784613928230545,1.7867199143048769,7.379662121097063,7.379622256664067,0.0012875116535699285,0.0005642960100368203,53.688532188952664,57.1262581790584,1.0,1.061215748,0.566518249,0.865595861,0.765535709,1.926811609,1.332053958
51200.0,646.0,10240.0,0.0,0.0,1000.0,6.0,5.0,8.0,1.784613928230545,1.7858953949831222,7.379662121097063,7.379609828761977,0.0009862054501706856,0.0005085122506395334,41.12422820375944,51.47901385188346,1.0,1.061215748,0.363929258,0.865595861,0.76814789,1.926811609,1.132077148
51200.0,646.0,10240.0,0.0,0.0,1000.0,5.0,5.0,8.0,1.784613928230545,1.7852331367096206,7.379662121097063,7.379611988414898,0.0006535320692315687,0.0003869607893010566,27.251930060721758,39.17380516892541,1.0,1.061215748,0.455611976,0.865595861,0.774369615,1.926811609,1.229981591
51200.0,646.0,10240.0,0.0,0.0,1000.0,4.0,5.0,8.0,1.784613928230545,1.7848102699230164,7.379662121097063,7.37964067736816,0.0002730672538471579,8.520586741453082e-5,11.386755224523322,8.625778481005923,1.0,1.061215748,0.658170698,0.865595861,0.780882512,1.926811609,1.43905321
51200.0,646.0,10240.0,0.0,0.0,1000.0,3.0,5.0,8.0,1.784613928230545,1.7846142870627297,7.379662121097063,7.3796621411497165,5.889839811668564e-7,2.302014152657622e-7,0.02456031007096185,0.023304338942248582,1.0,1.061215748,0.941273938,0.865595861,0.7999120190000001,1.926811609,1.7411859570000001
51200.0,646.0,10240.0,0.0,0.0,1000.0,8.0,5.0,8.0,1.7359969882703588,1.7390937594016478,6.182575114128341,6.182628695135328,0.0015470540806877052,0.0005656155309201792,64.17954885078015,57.25971894017987,1.0,1.061242881,0.378748936,0.8689552730000001,0.766317179,1.9301981540000002,1.1450661149999999
51200.0,646.0,10240.0,0.0,0.0,1000.0,7.0,5.0,8.0,1.7359969882703588,1.738338215064407,6.182575114128341,6.182594884819858,0.0013121376537416948,0.0005646021635521632,54.43403931285233,57.15713135638184,1.0,1.061242881,0.374556679,0.8689552730000001,0.767889407,1.9301981540000002,1.142446086
51200.0,646.0,10240.0,0.0,0.0,1000.0,6.0,5.0,8.0,1.7359969882703588,1.7375175850598101,6.182575114128341,6.182564311939971,0.0010120367198901495,0.0005093794768955962,41.98435007139524,51.56669873171106,1.0,1.061242881,0.37094048,0.8689552730000001,0.772785009,1.9301981540000002,1.143725489
51200.0,646.0,10240.0,0.0,0.0,1000.0,5.0,5.0,8.0,1.7359969882703588,1.7367931927839177,6.182575114128341,6.182549106085936,0.0006794887198196677,0.0003875551434893672,28.18859407153691,39.23389188751595,1.0,1.061242881,0.455999631,0.8689552730000001,0.775500764,1.9301981540000002,1.231500395
51200.0,646.0,10240.0,0.0,0.0,1000.0,4.0,5.0,8.0,1.7359969882703588,1.7362358018730475,6.182575114128341,6.18256173175609,0.0002889305545949164,8.670112106702595e-5,11.98628598352839,8.777131377598277,1.0,1.061242881,0.654986965,0.8689552730000001,0.77957956,1.9301981540000002,1.434566525
51200.0,646.0,10240.0,0.0,0.0,1000.0,3.0,5.0,8.0,1.7359969882703588,1.7359973878417585,6.182575114128341,6.182575143868181,6.04895602466892e-7,2.3470078160719864e-7,0.025094098100881288,0.023759780372376756,1.0,1.061242881,0.934697044,0.8689552730000001,0.8055640789999999,1.9301981540000002,1.7402611229999998
51200.0,646.0,10240.0,0.0,0.0,1000.0,8.0,5.0,8.0,1.7649193447593343,1.7677445459996322,7.289605553774232,7.289561705077846,0.0015744491920543417,0.0005836072114527734,64.56132967847292,59.08074205414392,1.0,1.06351244,0.37313471,0.857318932,0.764565343,1.9208313719999999,1.137700053
51200.0,646.0,10240.0,0.0,0.0,1000.0,7.0,5.0,8.0,1.7649193447593343,1.7670273712403604,7.289605553774232,7.2895470273195455,0.001342732183880785,0.000582616883058375,55.05962061583708,58.98048740466367,1.0,1.06351244,0.362242648,0.857318932,0.76802585,1.9208313719999999,1.130268498
51200.0,646.0,10240.0,0.0,0.0,1000.0,6.0,5.0,8.0,1.7649193447593343,1.7662564454477103,7.289605553774232,7.289540460568928,0.0010425785998431233,0.0005261496069094282,42.75162452995141,53.26409372208491,1.0,1.06351244,0.378354783,0.857318932,0.7681359369999999,1.9208313719999999,1.1464907199999999
51200.0,646.0,10240.0,0.0,0.0,1000.0,5.0,5.0,8.0,1.7649193447593343,1.7655360663919653,7.289605553774232,7.289542482488387,0.0006992902079537942,0.0004009647458714881,28.674857140181725,40.591161758726386,1.0,1.06351244,0.479584327,0.857318932,0.772574757,1.9208313719999999,1.252159084
51200.0,646.0,10240.0,0.0,0.0,1000.0,4.0,5.0,8.0,1.7649193447593343,1.765113044827546,7.289605553774232,7.28958129496181,0.0002939765141988266,8.806012830418715e-5,12.054701254699898,8.914656336482757,1.0,1.06351244,0.656528524,0.857318932,0.781590673,1.9208313719999999,1.4381191969999998
51200.0,646.0,10240.0,0.0,0.0,1000.0,3.0,5.0,8.0,1.7649193447593343,1.7649197476453975,7.289605553774232,7.289605573709141,5.989339552667334e-7,2.4254464842316556e-7,0.024559682672994573,0.024553702437005713,1.0,1.06351244,0.955206372,0.857318932,0.798459872,1.9208313719999999,1.7536662440000002
51200.0,646.0,10240.0,0.0,0.0,1000.0,8.0,5.0,8.0,1.7149903089232417,1.7172621899994713,7.397336555232053,7.397297095625509,0.0015580518193209303,0.0005808840005204598,64.72359533175262,58.8050958280313,1.0,1.063426454,0.3744893,0.86532183,0.76649868,1.928748284,1.14098798
51200.0,646.0,10240.0,0.0,0.0,1000.0,7.0,5.0,8.0,1.7149903089232417,1.7166642601956987,7.397336555232053,7.397283796896801,0.0013257937507842408,0.0005795936136016876,55.07527872630426,58.674465054338704,1.0,1.063426454,0.366607833,0.86532183,0.76596322,1.928748284,1.132571053
51200.0,646.0,10240.0,0.0,0.0,1000.0,6.0,5.0,8.0,1.7149903089232417,1.7159354677666052,7.397336555232053,7.39727156771958,0.0010265327041616653,0.0005230235940733884,42.64356712341398,52.947666904665674,1.0,1.063426454,0.365091779,0.86532183,0.7709729319999999,1.928748284,1.136064711
51200.0,646.0,10240.0,0.0,0.0,1000.0,5.0,5.0,8.0,1.7149903089232417,1.7153481201622263,7.397336555232053,7.397275976567898,0.0006894998286335393,0.0003977662256104641,28.64276228581435,40.26738728079979,1.0,1.063426454,0.455003617,0.86532183,0.772537216,1.928748284,1.227540833
51200.0,646.0,10240.0,0.0,0.0,1000.0,4.0,5.0,8.0,1.7149903089232417,1.7150432215775404,7.397336555232053,7.397307365712425,0.00028886252877709673,8.801774643737589e-5,11.999743004198805,8.910371105383794,1.0,1.063426454,0.650342408,0.86532183,0.783213666,1.928748284,1.433556074
51200.0,646.0,10240.0,0.0,0.0,1000.0,3.0,5.0,8.0,1.7149903089232417,1.7149906386387765,7.397336555232053,7.3973365702550655,6.073076805309605e-7,2.3366527766709305e-7,0.025228388471497068,0.023654824427227404,1.0,1.063426454,0.941301906,0.86532183,0.797143041,1.928748284,1.738444947
51200.0,646.0,10240.0,0.0,0.0,1000.0,8.0,5.0,8.0,1.6764538764414554,1.6790026924842572,6.1051195139688295,6.105055642220633,0.0015386234518250943,0.0005821607834467236,64.45857931628296,58.93454117578525,1.0,1.063767651,0.378383444,0.872179706,0.764677875,1.935947357,1.143061319
51200.0,646.0,10240.0,0.0,0.0,1000.0,7.0,5.0,8.0,1.6764538764414554,1.6782977212293737,6.1051195139688295,6.105039876202552,0.0013072040890513457,0.0005799509025203938,54.763573476497385,58.710825799982565,1.0,1.063767651,0.360484033,0.872179706,0.768853514,1.935947357,1.129337547
51200.0,646.0,10240.0,0.0,0.0,1000.0,6.0,5.0,8.0,1.6764538764414554,1.6775565305051678,6.1051195139688295,6.1050315768391545,0.0010081263643571328,0.0005220320841552489,42.2341107180376,52.847464538194934,1.0,1.063767651,0.364811285,0.872179706,0.770169484,1.935947357,1.134980769
51200.0,646.0,10240.0,0.0,0.0,1000.0,5.0,5.0,8.0,1.6764538764414554,1.6769586248683688,6.1051195139688295,6.105042448005596,0.000669152741235944,0.00039630095252047166,28.033262455802245,40.11918265267014,1.0,1.063767651,0.457397703,0.872179706,0.777817015,1.935947357,1.235214718
51200.0,646.0,10240.0,0.0,0.0,1000.0,4.0,5.0,8.0,1.6764538764414554,1.6766365990830032,6.1051195139688295,6.1050950538086735,0.00027052733978617376,8.754805518648395e-5,11.333382425794708,8.862851311797334,1.0,1.063767651,0.662775796,0.872179706,0.788015021,1.935947357,1.4507908170000001
51200.0,646.0,10240.0,0.0,0.0,1000.0,3.0,5.0,8.0,1.6764538764414554,1.6764542377415304,6.1051195139688295,6.105119542770764,5.774492543180914e-7,2.3370874208302515e-7,0.024191467065213024,0.023659301476622915,1.0,1.063767651,0.946461301,0.872179706,0.799819396,1.935947357,1.746280697
51200.0,646.0,10240.0,0.0,0.0,1000.0,8.0,5.0,8.0,1.740798560783746,1.743051736296031,6.62540862016071,6.625238095636178,0.0015865096592037233,0.000576419261762195,65.98642298318414,58.353142493804334,1.0,1.062972406,0.358878844,0.8589932339999999,0.765595684,1.92196564,1.124474528
51200.0,646.0,10240.0,0.0,0.0,1000.0,7.0,5.0,8.0,1.740798560783746,1.7424450637991455,6.62540862016071,6.625241300967886,0.0013564410823079152,0.000575096705150149,56.417365308612126,58.21925499288545,1.0,1.062972406,0.36436685,0.8589932339999999,0.770744492,1.92196564,1.135111342
51200.0,646.0,10240.0,0.0,0.0,1000.0,6.0,5.0,8.0,1.740798560783746,1.7417560759171735,6.62540862016071,6.62525592816197,0.0010512213381884633,0.0005187228592211471,43.72260544916448,52.51231339214492,1.0,1.062972406,0.36432762,0.8589932339999999,0.7708370330000001,1.92196564,1.1351646530000001
51200.0,646.0,10240.0,0.0,0.0,1000.0,5.0,5.0,8.0,1.740798560783746,1.741194163355798,6.62540862016071,6.6252881632466405,0.0007092502914544562,0.000394330106702474,29.499278155261887,39.919555837985854,1.0,1.062972406,0.455155534,0.8589932339999999,0.776993606,1.92196564,1.23214914
51200.0,646.0,10240.0,0.0,0.0,1000.0,4.0,5.0,8.0,1.740798560783746,1.7409009825145088,6.62540862016071,6.625364781458613,0.00029334559978618597,8.716638431869919e-5,12.200888103928973,8.824188888603103,1.0,1.062972406,0.660728863,0.8589932339999999,0.787192803,1.92196564,1.447921666
51200.0,646.0,10240.0,0.0,0.0,1000.0,3.0,5.0,8.0,1.740798560783746,1.7407989672625597,6.62540862016071,6.625408640091493,6.013190316305438e-7,2.3787882668216911e-7,0.025010179886914,0.024081390041005034,1.0,1.062972406,0.949023364,0.8589932339999999,0.799598711,1.92196564,1.748622075
51200.0,646.0,10240.0,0.0,0.0,1000.0,8.0,5.0,8.0,1.774093649434667,1.7762809778445512,6.556484364087094,6.55634165465458,0.001504085011142613,0.0005660600574888462,63.212497899398294,57.30467451954358,1.0,1.062445114,0.379354467,0.86399585,0.765618503,1.926440964,1.14497297
51200.0,646.0,10240.0,0.0,0.0,1000.0,7.0,5.0,8.0,1.774093649434667,1.7757333549338417,6.556484364087094,6.556344052070685,0.0012749778294677357,0.0005646828166844461,53.583762067932014,57.16525055739141,1.0,1.062445114,0.367204563,0.86399585,0.768065238,1.926440964,1.135269801
51200.0,646.0,10240.0,0.0,0.0,1000.0,6.0,5.0,8.0,1.774093649434667,1.775135519212808,6.556484364087094,6.556355314812647,0.0009811218437625285,0.0005091492017782084,41.23381459720706,51.543345805423755,1.0,1.062445114,0.363069342,0.86399585,0.769118938,1.926440964,1.13218828
51200.0,646.0,10240.0,0.0,0.0,1000.0,5.0,5.0,8.0,1.774093649434667,1.7746060476806125,6.556484364087094,6.556385810564222,0.0006493935432361304,0.0003870585732077915,27.292199366119796,39.18359061769425,1.0,1.062445114,0.455353246,0.86399585,0.775820036,1.926440964,1.231173282
51200.0,646.0,10240.0,0.0,0.0,1000.0,4.0,5.0,8.0,1.774093649434667,1.7742015075637034,6.556484364087094,6.556444458403689,0.00026522590669508106,8.503214246960946e-5,11.14670510351835,8.608166542498791,1.0,1.062445114,0.655719839,0.86399585,0.781725871,1.926440964,1.43744571
51200.0,646.0,10240.0,0.0,0.0,1000.0,3.0,5.0,8.0,1.774093649434667,1.7740939752510463,6.556484364087094,6.5564843829526875,5.732753381597795e-7,2.343708531974544e-7,0.024093163511863434,0.023726361331566824,1.0,1.062445114,0.945667844,0.86399585,0.801762868,1.926440964,1.7474307119999999
51200.0,646.0,10240.0,0.0,0.0,1000.0,8.0,5.0,8.0,1.7144512696278127,1.7175622535683037,6.051674261301477,6.051644809896575,0.001561169121087994,0.000574210251269889,65.36152415574483,58.12978638438357,1.0,1.058643205,0.378511279,0.866569684,0.769008718,1.925212889,1.147519997
51200.0,646.0,10240.0,0.0,0.0,1000.0,7.0,5.0,8.0,1.7144512696278127,1.7167950745384495,6.051674261301477,6.051623446331895,0.001331394253381727,0.0005730380257265087,55.74153144444924,58.01111692440734,1.0,1.058643205,0.364527185,0.866569684,0.770007549,1.925212889,1.134534734
51200.0,646.0,10240.0,0.0,0.0,1000.0,6.0,5.0,8.0,1.7144512696278127,1.7159285523937353,6.051674261301477,6.051605615760101,0.0010351448009053518,0.0005169057833271014,43.338444884124314,52.32860733364711,1.0,1.058643205,0.36291453,0.866569684,0.772271104,1.925212889,1.135185634
51200.0,646.0,10240.0,0.0,0.0,1000.0,5.0,5.0,8.0,1.7144512696278127,1.7151954462655226,6.051674261301477,6.051610378156776,0.0006928642254175278,0.0003927974250191784,29.008171628912603,39.764581628774756,1.0,1.058643205,0.455958048,0.866569684,0.773538526,1.925212889,1.229496574
51200.0,646.0,10240.0,0.0,0.0,1000.0,4.0,5.0,8.0,1.7144512696278127,1.7146944942223548,6.051674261301477,6.051648600508172,0.00029236600000050796,8.628930557349557e-5,12.240497914815343,8.735439482578128,1.0,1.058643205,0.653648825,0.866569684,0.7861338689999999,1.925212889,1.4397826939999998
51200.0,646.0,10240.0,0.0,0.0,1000.0,3.0,5.0,8.0,1.7144512696278127,1.7144517619302175,6.051674261301477,6.05167429469342,5.82956179574431e-7,2.3620884238101168e-7,0.024406647491490612,0.02391244238385607,1.0,1.058643205,0.938783921,0.866569684,0.801404982,1.925212889,1.740188903
51200.0,646.0,10240.0,0.0,0.0,1000.0,8.0,5.0,8.0,1.7653975888702456,1.7684364559017964,6.957906000392639,6.957863610013226,0.0015472057473188204,0.0005962027922676397,64.79719713502153,60.35607636879497,1.0,1.065649616,0.358266562,0.875591643,0.766016836,1.9412412589999999,1.124283398
51200.0,646.0,10240.0,0.0,0.0,1000.0,7.0,5.0,8.0,1.7653975888702456,1.7677027389014683,6.957906000392639,6.9578460696227165,0.0013187256230627474,0.0005944886750299499,55.22841697859399,60.18254918602286,1.0,1.065649616,0.35661296,0.875591643,0.769487971,1.9412412589999999,1.1261009309999999
51200.0,646.0,10240.0,0.0,0.0,1000.0,6.0,5.0,8.0,1.7653975888702456,1.7668616285773466,6.957906000392639,6.957834149071403,0.0010221085972668739,0.0005359540180408241,42.80605367791108,54.25684358169395,1.0,1.065649616,0.377138956,0.875591643,0.771024041,1.9412412589999999,1.148162997
51200.0,646.0,10240.0,0.0,0.0,1000.0,5.0,5.0,8.0,1.7653975888702456,1.76613999566285,6.957906000392639,6.9578397563144785,0.0006958942424282284,0.0004072369431995127,29.1441500200533,41.226281330313896,1.0,1.065649616,0.454570649,0.875591643,0.776668731,1.9412412589999999,1.2312393799999999
51200.0,646.0,10240.0,0.0,0.0,1000.0,4.0,5.0,8.0,1.7653975888702456,1.7656342184885208,6.957906000392639,6.9578793107182335,0.0002940989146789909,8.602985007450913e-5,12.31690444834133,8.709157804081768,1.0,1.065649616,0.66229882,0.875591643,0.7891020480000001,1.9412412589999999,1.451400868
51200.0,646.0,10240.0,0.0,0.0,1000.0,3.0,5.0,8.0,1.7653975888702456,1.765398028588735,6.957906000392639,6.957906014601635,5.903791291986226e-7,2.304445267115989e-7,0.024725162044788224,0.02332885325825906,1.0,1.065649616,0.938671435,0.875591643,0.808059294,1.9412412589999999,1.746730729
